Segment,Handles_or_Base_Length,Control_Polygon_Perimeter_Average,Perimeter_Average_Error,Threshold_1_Length
1000_1000__1000_1000,1000,1000,0,1000
1000_1000__1500_1000,1000,1000,0,1000
1000_1000__2000_1000,1000,1000,0,1000
1500_1000__1000_1000,1500,1500,1000,1000
1500_1000__1500_1000,1000,1000,0,1000
1500_1000__2000_1000,1000,1000,0,1000
2000_1000__1000_1000,2000,2000,2000,1000
2000_1000__1500_1000,1500,1500,1000,1000
2000_1000__2000_1000,1000,1000,0,1000
1500_1000__500_1000,2000,2000,2000,1062.5
2500_1000__1500_1000,2000,2000,2000,1062.5
1276_1276__1724_1276,1000,1114.322943,228.6458864,1110.789113
1500_500__1500_1000,1207.106781,1353.553391,707.1067812,1120.243776
1500_1000__1500_500,1207.106781,1353.553391,707.1067812,1120.243776
1500_1000__1500_1500,1207.106781,1353.553391,707.1067812,1120.243776
1500_1500__1500_1000,1207.106781,1353.553391,707.1067812,1120.243776
1000_1000__1500_500,1000,1207.106781,414.2135624,1121.743658
1000_1000__1500_1500,1000,1207.106781,414.2135624,1121.743658
1500_500__2000_1000,1000,1207.106781,414.2135624,1121.743658
1500_1500__2000_1000,1000,1207.106781,414.2135624,1121.743658
1500_1000__1000_500,1618.033989,1662.570385,1325.14077,1129.854372
1500_1000__1000_1500,1618.033989,1662.570385,1325.14077,1129.854372
2000_500__1500_1000,1618.033989,1662.570385,1325.14077,1129.854372
2000_1500__1500_1000,1618.033989,1662.570385,1325.14077,1129.854372
1500_500__1000_1000,1707.106781,1707.106781,1414.213562,1141.980613
1500_1500__1000_1000,1707.106781,1707.106781,1414.213562,1141.980613
2000_1000__1500_500,1707.106781,1707.106781,1414.213562,1141.980613
2000_1000__1500_1500,1707.106781,1707.106781,1414.213562,1141.980613
1000_1000__1000_500,1118.033989,1309.016994,618.0339887,1156.472933
1000_1000__1000_1500,1118.033989,1309.016994,618.0339887,1156.472933
2000_500__2000_1000,1118.033989,1309.016994,618.0339887,1156.472933
2000_1500__2000_1000,1118.033989,1309.016994,618.0339887,1156.472933
1000_1000__500_1000,1500,1500,1000,1159.881592
2500_1000__2000_1000,1500,1500,1000,1159.881592
2000_500__1000_1000,2118.033989,2118.033989,2236.067977,1165.05429
2000_1000__1000_500,2118.033989,2118.033989,2236.067977,1165.05429
2000_1000__1000_1500,2118.033989,2118.033989,2236.067977,1165.05429
2000_1500__1000_1000,2118.033989,2118.033989,2236.067977,1165.05429
1000_500__2000_1000,1000,1309.016994,618.0339887,1169.583032
1000_1000__2000_500,1000,1309.016994,618.0339887,1169.583032
1000_1000__2000_1500,1000,1309.016994,618.0339887,1169.583032
1000_1500__2000_1000,1000,1309.016994,618.0339887,1169.583032
2000_1000__500_1000,2500,2500,3000,1169.677734
2500_1000__1000_1000,2500,2500,3000,1169.677734
1500_500__1500_1500,1414.213562,1707.106781,1414.213562,1185.494341
1500_1500__1500_500,1414.213562,1707.106781,1414.213562,1185.494341
1000_500__1500_1000,1000,1353.553391,707.1067812,1190.136028
1000_1500__1500_1000,1000,1353.553391,707.1067812,1190.136028
1500_1000__2000_500,1000,1353.553391,707.1067812,1190.136028
1500_1000__2000_1500,1000,1353.553391,707.1067812,1190.136028
500_1000__2000_1000,1000,1500,1000,1202.484131
1000_1000__2500_1000,1000,1500,1000,1202.484131
1500_500__1000_1500,1825.14077,1971.587379,1943.174759,1217.533197
1500_1500__1000_500,1825.14077,1971.587379,1943.174759,1217.533197
2000_500__1500_1500,1825.14077,1971.587379,1943.174759,1217.533197
2000_1500__1500_500,1825.14077,1971.587379,1943.174759,1217.533197
1000_500__1500_1500,1207.106781,1662.570385,1325.14077,1226.788116
1000_1500__1500_500,1207.106781,1662.570385,1325.14077,1226.788116
1500_500__2000_1500,1207.106781,1662.570385,1325.14077,1226.788116
1500_1500__2000_500,1207.106781,1662.570385,1325.14077,1226.788116
1500_1000__500_500,2081.13883,2099.586409,2199.172819,1236.792629
1500_1000__500_1500,2081.13883,2099.586409,2199.172819,1236.792629
2500_500__1500_1000,2081.13883,2099.586409,2199.172819,1236.792629
2500_1500__1500_1000,2081.13883,2099.586409,2199.172819,1236.792629
1000_500__1000_1000,1500,1500,1000,1237.393185
1000_1500__1000_1000,1500,1500,1000,1237.393185
2000_1000__2000_500,1500,1500,1000,1237.393185
2000_1000__2000_1500,1500,1500,1000,1237.393185
1000_500__2000_1500,1000,1707.106781,1414.213562,1250.892876
1000_1500__2000_500,1000,1707.106781,1414.213562,1250.892876
1500_500__500_1000,2207.106781,2162.570385,2325.14077,1257.141627
1500_1500__500_1000,2207.106781,2162.570385,2325.14077,1257.141627
2500_1000__1500_500,2207.106781,2162.570385,2325.14077,1257.141627
2500_1000__1500_1500,2207.106781,2162.570385,2325.14077,1257.141627
2000_500__1000_1500,2236.067977,2325.14077,2650.28154,1268.12069
2000_1500__1000_500,2236.067977,2325.14077,2650.28154,1268.12069
1000_500__1000_1500,1618.033989,1809.016994,1618.033989,1270.822241
1000_1500__1000_500,1618.033989,1809.016994,1618.033989,1270.822241
2000_500__2000_1500,1618.033989,1809.016994,1618.033989,1270.822241
2000_1500__2000_500,1618.033989,1809.016994,1618.033989,1270.822241
500_1000__1500_1000,1000,1500,1000,1272.460938
1500_1000__2500_1000,1000,1500,1000,1272.460938
2000_500__1000_500,2236.067977,2118.033989,2236.067977,1272.54198
2000_1500__1000_1500,2236.067977,2118.033989,2236.067977,1272.54198
1500_500__1500_500,1414.213562,1207.106781,414.2135624,1274.307433
1500_1500__1500_1500,1414.213562,1207.106781,414.2135624,1274.307433
1500_500__1000_500,1825.14077,1662.570385,1325.14077,1278.995238
1500_1500__1000_1500,1825.14077,1662.570385,1325.14077,1278.995238
2000_500__1500_500,1825.14077,1662.570385,1325.14077,1278.995238
2000_1500__1500_1500,1825.14077,1662.570385,1325.14077,1278.995238
2000_1000__500_500,2581.13883,2581.13883,3162.27766,1310.882899
2000_1000__500_1500,2581.13883,2581.13883,3162.27766,1310.882899
2500_500__1000_1000,2581.13883,2581.13883,3162.27766,1310.882899
2500_1500__1000_1000,2581.13883,2581.13883,3162.27766,1310.882899
1000_1000__500_500,1581.13883,1644.122806,1288.245611,1315.530481
1000_1000__500_1500,1581.13883,1644.122806,1288.245611,1315.530481
2500_500__2000_1000,1581.13883,1644.122806,1288.245611,1315.530481
2500_1500__2000_1000,1581.13883,1644.122806,1288.245611,1315.530481
2000_500__500_1000,2618.033989,2599.586409,3199.172819,1318.914739
2000_1500__500_1000,2618.033989,2599.586409,3199.172819,1318.914739
2500_1000__1000_500,2618.033989,2599.586409,3199.172819,1318.914739
2500_1000__1000_1500,2618.033989,2599.586409,3199.172819,1318.914739
500_1000__2500_1000,1000,2000,2000,1323.532104
1500_500__500_1500,2288.245611,2351.229587,2702.459174,1332.374921
1500_1500__500_500,2288.245611,2351.229587,2702.459174,1332.374921
2500_500__1500_1500,2288.245611,2351.229587,2702.459174,1332.374921
2500_1500__1500_500,2288.245611,2351.229587,2702.459174,1332.374921
1500_1000__0_1000,2500,2500,3000,1344.696045
3000_1000__1500_1000,2500,2500,3000,1344.696045
500_500__2000_1000,1000,1644.122806,1288.245611,1352.130199
500_1500__2000_1000,1000,1644.122806,1288.245611,1352.130199
1000_1000__2500_500,1000,1644.122806,1288.245611,1352.130199
1000_1000__2500_1500,1000,1644.122806,1288.245611,1352.130199
1000_500__1500_500,1207.106781,1353.553391,707.1067812,1354.755116
1000_1500__1500_1500,1207.106781,1353.553391,707.1067812,1354.755116
1500_500__2000_500,1207.106781,1353.553391,707.1067812,1354.755116
1500_1500__2000_1500,1207.106781,1353.553391,707.1067812,1354.755116
500_1000__2000_500,1000,1790.569415,1581.13883,1369.582792
500_1000__2000_1500,1000,1790.569415,1581.13883,1369.582792
1000_500__2500_1000,1000,1790.569415,1581.13883,1369.582792
1000_1500__2500_1000,1000,1790.569415,1581.13883,1369.582792
2500_1000__500_1000,3000,3000,4000,1377.929688
1000_500__500_1000,2000,1853.553391,1707.106781,1383.461408
1000_1500__500_1000,2000,1853.553391,1707.106781,1383.461408
2500_1000__2000_500,2000,1853.553391,1707.106781,1383.461408
2500_1000__2000_1500,2000,1853.553391,1707.106781,1383.461408
1500_500__500_500,2288.245611,2144.122806,2288.245611,1385.410525
1500_1500__500_1500,2288.245611,2144.122806,2288.245611,1385.410525
2500_500__1500_500,2288.245611,2144.122806,2288.245611,1385.410525
2500_1500__1500_1500,2288.245611,2144.122806,2288.245611,1385.410525
500_1000__1000_1000,1500,1500,1000,1391.387939
2000_1000__2500_1000,1500,1500,1000,1391.387939
1000_500__2000_500,1000,1500,1000,1394.656781
1000_1500__2000_1500,1000,1500,1000,1394.656781
1000_500__1000_500,1618.033989,1309.016994,618.0339887,1396.775228
1000_1500__1000_1500,1618.033989,1309.016994,618.0339887,1396.775228
2000_500__2000_500,1618.033989,1309.016994,618.0339887,1396.775228
2000_1500__2000_1500,1618.033989,1309.016994,618.0339887,1396.775228
500_1000__1500_500,1207.106781,1662.570385,1325.14077,1397.093758
500_1000__1500_1500,1207.106781,1662.570385,1325.14077,1397.093758
1500_500__2500_1000,1207.106781,1662.570385,1325.14077,1397.093758
1500_1500__2500_1000,1207.106781,1662.570385,1325.14077,1397.093758
1500_0__1500_1000,1618.033989,1809.016994,1618.033989,1397.970498
1500_1000__1500_0,1618.033989,1809.016994,1618.033989,1397.970498
1500_1000__1500_2000,1618.033989,1809.016994,1618.033989,1397.970498
1500_2000__1500_1000,1618.033989,1809.016994,1618.033989,1397.970498
1000_1000__1500_0,1118.033989,1618.033989,1236.067977,1401.289835
1000_1000__1500_2000,1118.033989,1618.033989,1236.067977,1401.289835
1500_0__2000_1000,1118.033989,1618.033989,1236.067977,1401.289835
1500_2000__2000_1000,1118.033989,1618.033989,1236.067977,1401.289835
2000_500__500_1500,2699.172819,2750.974228,3501.948457,1404.504669
2000_1500__500_500,2699.172819,2750.974228,3501.948457,1404.504669
2500_500__1000_1500,2699.172819,2750.974228,3501.948457,1404.504669
2500_1500__1000_500,2699.172819,2750.974228,3501.948457,1404.504669
1500_1000__1000_0,1914.213562,2016.123776,2032.247551,1409.243993
1500_1000__1000_2000,1914.213562,2016.123776,2032.247551,1409.243993
2000_0__1500_1000,1914.213562,2016.123776,2032.247551,1409.243993
2000_2000__1500_1000,1914.213562,2016.123776,2032.247551,1409.243993
500_500__2000_1500,1207.106781,2004.941209,2009.882419,1412.148177
500_1500__2000_500,1207.106781,2004.941209,2009.882419,1412.148177
1000_500__2500_1500,1207.106781,2004.941209,2009.882419,1412.148177
1000_1500__2500_500,1207.106781,2004.941209,2009.882419,1412.148177
500_500__1500_1000,1207.106781,1662.570385,1325.14077,1414.83225
500_1500__1500_1000,1207.106781,1662.570385,1325.14077,1414.83225
1500_1000__2500_500,1207.106781,1662.570385,1325.14077,1414.83225
1500_1000__2500_1500,1207.106781,1662.570385,1325.14077,1414.83225
1500_0__1500_1500,1825.14077,2162.570385,2325.14077,1414.839402
1500_500__1500_2000,1825.14077,2162.570385,2325.14077,1414.839402
1500_1500__1500_0,1825.14077,2162.570385,2325.14077,1414.839402
1500_2000__1500_500,1825.14077,2162.570385,2325.14077,1414.839402
1000_500__1500_2000,1618.033989,2099.586409,2199.172819,1428.542068
1000_1500__1500_0,1618.033989,2099.586409,2199.172819,1428.542068
1500_0__2000_1500,1618.033989,2099.586409,2199.172819,1428.542068
1500_2000__2000_500,1618.033989,2099.586409,2199.172819,1428.542068
500_500__1500_1500,1414.213562,1914.213562,1828.427125,1435.672171
500_1500__1500_500,1414.213562,1914.213562,1828.427125,1435.672171
1500_500__2500_1500,1414.213562,1914.213562,1828.427125,1435.672171
1500_1500__2500_500,1414.213562,1914.213562,1828.427125,1435.672171
1500_500__1000_2000,2121.320344,2351.229587,2702.459174,1439.07517
1500_1500__1000_0,2121.320344,2351.229587,2702.459174,1439.07517
2000_0__1500_1500,2121.320344,2351.229587,2702.459174,1439.07517
2000_2000__1500_500,2121.320344,2351.229587,2702.459174,1439.07517
1000_1000__1000_0,1414.213562,1707.106781,1414.213562,1443.321414
1000_1000__1000_2000,1414.213562,1707.106781,1414.213562,1443.321414
2000_0__2000_1000,1414.213562,1707.106781,1414.213562,1443.321414
2000_2000__2000_1000,1414.213562,1707.106781,1414.213562,1443.321414
2000_500__500_500,2699.172819,2599.586409,3199.172819,1444.155238
2000_1500__500_1500,2699.172819,2599.586409,3199.172819,1444.155238
2500_500__1000_500,2699.172819,2599.586409,3199.172819,1444.155238
2500_1500__1000_1500,2699.172819,2599.586409,3199.172819,1444.155238
1500_0__1000_1000,2118.033989,2118.033989,2236.067977,1445.690958
1500_2000__1000_1000,2118.033989,2118.033989,2236.067977,1445.690958
2000_1000__1500_0,2118.033989,2118.033989,2236.067977,1445.690958
2000_1000__1500_2000,2118.033989,2118.033989,2236.067977,1445.690958
1000_500__500_1500,2081.13883,2099.586409,2199.172819,1449.542229
1000_1500__500_500,2081.13883,2099.586409,2199.172819,1449.542229
2500_500__2000_1500,2081.13883,2099.586409,2199.172819,1449.542229
2500_1500__2000_500,2081.13883,2099.586409,2199.172819,1449.542229
2000_0__1000_1000,2414.213562,2414.213562,2828.427125,1458.339885
2000_1000__1000_0,2414.213562,2414.213562,2828.427125,1458.339885
2000_1000__1000_2000,2414.213562,2414.213562,2828.427125,1458.339885
2000_2000__1000_1000,2414.213562,2414.213562,2828.427125,1458.339885
1000_0__2000_1000,1000,1707.106781,1414.213562,1458.408208
1000_1000__2000_0,1000,1707.106781,1414.213562,1458.408208
1000_1000__2000_2000,1000,1707.106781,1414.213562,1458.408208
1000_2000__2000_1000,1000,1707.106781,1414.213562,1458.408208
2000_1000__0_1000,3000,3000,4000,1461.006165
3000_1000__1000_1000,3000,3000,4000,1461.006165
1000_500__1000_2000,1914.213562,2207.106781,2414.213562,1470.867426
1000_1500__1000_0,1914.213562,2207.106781,2414.213562,1470.867426
2000_0__2000_1500,1914.213562,2207.106781,2414.213562,1470.867426
2000_2000__2000_500,1914.213562,2207.106781,2414.213562,1470.867426
1500_0__1000_1500,2236.067977,2408.603404,2817.206808,1472.993281
1500_2000__1000_500,2236.067977,2408.603404,2817.206808,1472.993281
2000_500__1500_2000,2236.067977,2408.603404,2817.206808,1472.993281
2000_1500__1500_0,2236.067977,2408.603404,2817.206808,1472.993281
1000_0__2000_1500,1500,2151.387819,2302.775638,1478.150679
1000_500__2000_2000,1500,2151.387819,2302.775638,1478.150679
1000_1500__2000_0,1500,2151.387819,2302.775638,1478.150679
1000_2000__2000_500,1500,2151.387819,2302.775638,1478.150679
500_500__2500_1000,1207.106781,2134.329797,2268.659594,1479.291484
500_1000__2500_500,1207.106781,2134.329797,2268.659594,1479.291484
500_1000__2500_1500,1207.106781,2134.329797,2268.659594,1479.291484
500_1500__2500_1000,1207.106781,2134.329797,2268.659594,1479.291484
1000_0__1500_1500,1707.106781,2144.122806,2288.245611,1482.756265
1000_2000__1500_500,1707.106781,2144.122806,2288.245611,1482.756265
1500_500__2000_2000,1707.106781,2144.122806,2288.245611,1482.756265
1500_1500__2000_0,1707.106781,2144.122806,2288.245611,1482.756265
1000_0__1500_1000,1500,1809.016994,1618.033989,1484.132381
1000_2000__1500_1000,1500,1809.016994,1618.033989,1484.132381
1500_1000__2000_0,1500,1809.016994,1618.033989,1484.132381
1500_1000__2000_2000,1500,1809.016994,1618.033989,1484.132381
1500_1000__0_500,2561.552813,2571.345821,3142.691643,1488.006632
1500_1000__0_1500,2561.552813,2571.345821,3142.691643,1488.006632
3000_500__1500_1000,2561.552813,2571.345821,3142.691643,1488.006632
3000_1500__1500_1000,2561.552813,2571.345821,3142.691643,1488.006632
2500_500__500_1000,3081.13883,3071.345821,4142.691643,1493.523198
2500_1000__500_500,3081.13883,3071.345821,4142.691643,1493.523198
2500_1000__500_1500,3081.13883,3071.345821,4142.691643,1493.523198
2500_1500__500_1000,3081.13883,3071.345821,4142.691643,1493.523198
1000_1000__0_1000,2000,2000,2000,1500
3000_1000__2000_1000,2000,2000,2000,1500
2000_0__1000_1500,2532.247551,2667.511594,3335.023189,1503.021188
2000_500__1000_2000,2532.247551,2667.511594,3335.023189,1503.021188
2000_1500__1000_0,2532.247551,2667.511594,3335.023189,1503.021188
2000_2000__1000_500,2532.247551,2667.511594,3335.023189,1503.021188
500_1000__1000_500,1618.033989,1662.570385,1325.14077,1513.204454
500_1000__1000_1500,1618.033989,1662.570385,1325.14077,1513.204454
2000_500__2500_1000,1618.033989,1662.570385,1325.14077,1513.204454
2000_1500__2500_1000,1618.033989,1662.570385,1325.14077,1513.204454
1500_1000__500_0,2302.775638,2358.4946,2716.9892,1518.853817
1500_1000__500_2000,2302.775638,2358.4946,2716.9892,1518.853817
2500_0__1500_1000,2302.775638,2358.4946,2716.9892,1518.853817
2500_2000__1500_1000,2302.775638,2358.4946,2716.9892,1518.853817
500_500__1000_1000,1707.106781,1707.106781,1414.213562,1519.207795
500_1500__1000_1000,1707.106781,1707.106781,1414.213562,1519.207795
2000_1000__2500_500,1707.106781,1707.106781,1414.213562,1519.207795
2000_1000__2500_1500,1707.106781,1707.106781,1414.213562,1519.207795
500_500__2500_1500,1414.213562,2325.14077,2650.28154,1519.734414
500_1500__2500_500,1414.213562,2325.14077,2650.28154,1519.734414
1000_500__500_500,2081.13883,1790.569415,1581.13883,1525.192215
1000_1500__500_1500,2081.13883,1790.569415,1581.13883,1525.192215
2500_500__2000_500,2081.13883,1790.569415,1581.13883,1525.192215
2500_1500__2000_1500,2081.13883,1790.569415,1581.13883,1525.192215
1500_500__500_2000,2509.882419,2656.329028,3312.658057,1550.88368
1500_1500__500_0,2509.882419,2656.329028,3312.658057,1550.88368
2500_0__1500_1500,2509.882419,2656.329028,3312.658057,1550.88368
2500_2000__1500_500,2509.882419,2656.329028,3312.658057,1550.88368
1000_0__1000_1000,2000,2000,2000,1551.177625
1000_2000__1000_1000,2000,2000,2000,1551.177625
2000_1000__2000_0,2000,2000,2000,1551.177625
2000_1000__2000_2000,2000,2000,2000,1551.177625
1000_0__1000_1500,2118.033989,2309.016994,2618.033989,1553.972715
1000_2000__1000_500,2118.033989,2309.016994,2618.033989,1553.972715
2000_500__2000_2000,2118.033989,2309.016994,2618.033989,1553.972715
2000_1500__2000_0,2118.033989,2309.016994,2618.033989,1553.972715
1500_500__0_1000,2707.106781,2644.122806,3288.245611,1559.80549
1500_1500__0_1000,2707.106781,2644.122806,3288.245611,1559.80549
3000_1000__1500_500,2707.106781,2644.122806,3288.245611,1559.80549
3000_1000__1500_1500,2707.106781,2644.122806,3288.245611,1559.80549
0_1000__2000_1000,1000,2000,2000,1559.883118
1000_1000__3000_1000,1000,2000,2000,1559.883118
500_500__1000_1500,1825.14077,1971.587379,1943.174759,1560.594171
500_1500__1000_500,1825.14077,1971.587379,1943.174759,1560.594171
2000_500__2500_1500,1825.14077,1971.587379,1943.174759,1560.594171
2000_1500__2500_500,1825.14077,1971.587379,1943.174759,1560.594171
2500_500__500_1500,3162.27766,3199.172819,4398.345638,1563.526239
2500_1500__500_500,3162.27766,3199.172819,4398.345638,1563.526239
2000_1000__0_500,3061.552813,3061.552813,4123.105626,1565.108592
2000_1000__0_1500,3061.552813,3061.552813,4123.105626,1565.108592
3000_500__1000_1000,3061.552813,3061.552813,4123.105626,1565.108592
3000_1500__1000_1000,3061.552813,3061.552813,4123.105626,1565.108592
1500_0__1500_500,1825.14077,1662.570385,1325.14077,1565.302173
1500_500__1500_0,1825.14077,1662.570385,1325.14077,1565.302173
1500_1500__1500_2000,1825.14077,1662.570385,1325.14077,1565.302173
1500_2000__1500_1500,1825.14077,1662.570385,1325.14077,1565.302173
1500_500__1000_0,2121.320344,1914.213562,1828.427125,1567.263673
1500_1500__1000_2000,2121.320344,1914.213562,1828.427125,1567.263673
2000_0__1500_500,2121.320344,1914.213562,1828.427125,1567.263673
2000_2000__1500_1500,2121.320344,1914.213562,1828.427125,1567.263673
500_500__2000_500,1207.106781,1853.553391,1707.106781,1569.261187
500_1500__2000_1500,1207.106781,1853.553391,1707.106781,1569.261187
1000_500__2500_500,1207.106781,1853.553391,1707.106781,1569.261187
1000_1500__2500_1500,1207.106781,1853.553391,1707.106781,1569.261187
2000_0__1000_500,2532.247551,2325.14077,2650.28154,1570.618379
2000_500__1000_0,2532.247551,2325.14077,2650.28154,1570.618379
2000_1500__1000_2000,2532.247551,2325.14077,2650.28154,1570.618379
2000_2000__1000_1500,2532.247551,2325.14077,2650.28154,1570.618379
1500_0__1000_500,2236.067977,1971.587379,1943.174759,1577.817785
1500_2000__1000_1500,2236.067977,1971.587379,1943.174759,1577.817785
2000_500__1500_0,2236.067977,1971.587379,1943.174759,1577.817785
2000_1500__1500_2000,2236.067977,1971.587379,1943.174759,1577.817785
2000_1000__500_0,2802.775638,2802.775638,3605.551275,1578.652144
2000_1000__500_2000,2802.775638,2802.775638,3605.551275,1578.652144
2500_0__1000_1000,2802.775638,2802.775638,3605.551275,1578.652144
2500_2000__1000_1000,2802.775638,2802.775638,3605.551275,1578.652144
500_500__1500_500,1414.213562,1707.106781,1414.213562,1579.289295
500_1500__1500_1500,1414.213562,1707.106781,1414.213562,1579.289295
1500_500__2500_500,1414.213562,1707.106781,1414.213562,1579.289295
1500_1500__2500_1500,1414.213562,1707.106781,1414.213562,1579.289295
1000_1000__500_0,1802.775638,1960.404813,1920.809626,1589.580099
1000_1000__500_2000,1802.775638,1960.404813,1920.809626,1589.580099
2500_0__2000_1000,1802.775638,1960.404813,1920.809626,1589.580099
2500_2000__2000_1000,1802.775638,1960.404813,1920.809626,1589.580099
1500_0__500_1000,2618.033989,2516.123776,3032.247551,1589.625638
1500_2000__500_1000,2618.033989,2516.123776,3032.247551,1589.625638
2500_1000__1500_0,2618.033989,2516.123776,3032.247551,1589.625638
2500_1000__1500_2000,2618.033989,2516.123776,3032.247551,1589.625638
1500_0__1500_2000,2236.067977,2618.033989,3236.067977,1589.657154
1500_2000__1500_0,2236.067977,2618.033989,3236.067977,1589.657154
0_1000__2500_1000,1500,2500,3000,1594.75708
500_1000__3000_1000,1500,2500,3000,1594.75708
1500_500__0_1500,2768.659594,2785.717616,3571.435232,1596.335654
1500_1500__0_500,2768.659594,2785.717616,3571.435232,1596.335654
3000_500__1500_1500,2768.659594,2785.717616,3571.435232,1596.335654
3000_1500__1500_500,2768.659594,2785.717616,3571.435232,1596.335654
500_1000__500_1000,2000,1500,1000,1597.846985
2500_1000__2500_1000,2000,1500,1000,1597.846985
2000_500__0_1000,3118.033989,3089.793401,4179.586802,1604.266496
2000_1500__0_1000,3118.033989,3089.793401,4179.586802,1604.266496
3000_1000__1000_500,3118.033989,3089.793401,4179.586802,1604.266496
3000_1000__1000_1500,3118.033989,3089.793401,4179.586802,1604.266496
1000_1000__0_500,2061.552813,2089.793401,2179.586802,1606.317467
1000_1000__0_1500,2061.552813,2089.793401,2179.586802,1606.317467
3000_500__2000_1000,2061.552813,2089.793401,2179.586802,1606.317467
3000_1500__2000_1000,2061.552813,2089.793401,2179.586802,1606.317467
2000_0__500_1000,2914.213562,2858.4946,3716.9892,1611.190631
2000_2000__500_1000,2914.213562,2858.4946,3716.9892,1611.190631
2500_1000__1000_0,2914.213562,2858.4946,3716.9892,1611.190631
2500_1000__1000_2000,2914.213562,2858.4946,3716.9892,1611.190631
1500_0__500_1500,2699.172819,2750.974228,3501.948457,1611.29084
1500_2000__500_500,2699.172819,2750.974228,3501.948457,1611.29084
2500_500__1500_2000,2699.172819,2750.974228,3501.948457,1611.29084
2500_1500__1500_0,2699.172819,2750.974228,3501.948457,1611.29084
500_500__2000_2000,1707.106781,2414.213562,2828.427125,1618.810571
500_1500__2000_0,1707.106781,2414.213562,2828.427125,1618.810571
1000_0__2500_1500,1707.106781,2414.213562,2828.427125,1618.810571
1000_2000__2500_500,1707.106781,2414.213562,2828.427125,1618.810571
500_0__2000_1000,1118.033989,1960.404813,1920.809626,1621.394077
500_2000__2000_1000,1118.033989,1960.404813,1920.809626,1621.394077
1000_1000__2500_0,1118.033989,1960.404813,1920.809626,1621.394077
1000_1000__2500_2000,1118.033989,1960.404813,1920.809626,1621.394077
2000_500__500_2000,2920.809626,3021.064985,4042.12997,1621.765407
2000_1500__500_0,2920.809626,3021.064985,4042.12997,1621.765407
2500_0__1000_1500,2920.809626,3021.064985,4042.12997,1621.765407
2500_2000__1000_500,2920.809626,3021.064985,4042.12997,1621.765407
2500_500__500_500,3162.27766,3081.13883,4162.27766,1624.588516
2500_1500__500_1500,3162.27766,3081.13883,4162.27766,1624.588516
500_0__2000_1500,1618.033989,2369.677166,2739.354332,1631.746506
500_2000__2000_500,1618.033989,2369.677166,2739.354332,1631.746506
1000_500__2500_2000,1618.033989,2369.677166,2739.354332,1631.746506
1000_1500__2500_0,1618.033989,2369.677166,2739.354332,1631.746506
1500_0__1000_2000,2532.247551,2796.900182,3593.800364,1633.282118
1500_2000__1000_0,2532.247551,2796.900182,3593.800364,1633.282118
2000_0__1500_2000,2532.247551,2796.900182,3593.800364,1633.282118
2000_2000__1500_0,2532.247551,2796.900182,3593.800364,1633.282118
1000_0__1500_2000,2118.033989,2589.793401,3179.586802,1633.63617
1000_2000__1500_0,2118.033989,2589.793401,3179.586802,1633.63617
1500_0__2000_2000,2118.033989,2589.793401,3179.586802,1633.63617
1500_2000__2000_0,2118.033989,2589.793401,3179.586802,1633.63617
500_500__1500_2000,1825.14077,2313.958204,2627.916408,1637.234898
500_1500__1500_0,1825.14077,2313.958204,2627.916408,1637.234898
1500_0__2500_1500,1825.14077,2313.958204,2627.916408,1637.234898
1500_2000__2500_500,1825.14077,2313.958204,2627.916408,1637.234898
2000_500__0_1500,3179.586802,3207.82739,4415.654779,1638.306329
2000_1500__0_500,3179.586802,3207.82739,4415.654779,1638.306329
3000_500__1000_1500,3179.586802,3207.82739,4415.654779,1638.306329
3000_1500__1000_500,3179.586802,3207.82739,4415.654779,1638.306329
2000_0__500_1500,2995.352392,3058.336368,4116.672736,1639.939925
2000_2000__500_500,2995.352392,3058.336368,4116.672736,1639.939925
2500_500__1000_2000,2995.352392,3058.336368,4116.672736,1639.939925
2500_1500__1000_0,2995.352392,3058.336368,4116.672736,1639.939925
1000_500__500_2000,2302.775638,2441.957234,2883.914468,1642.421842
1000_1500__500_0,2302.775638,2441.957234,2883.914468,1642.421842
2500_0__2000_1500,2302.775638,2441.957234,2883.914468,1642.421842
2500_2000__2000_500,2302.775638,2441.957234,2883.914468,1642.421842
1000_500__1500_0,1618.033989,1662.570385,1325.14077,1643.273895
1000_1500__1500_2000,1618.033989,1662.570385,1325.14077,1643.273895
1500_0__2000_500,1618.033989,1662.570385,1325.14077,1643.273895
1500_2000__2000_1500,1618.033989,1662.570385,1325.14077,1643.273895
2500_1000__0_1000,3500,3500,5000,1647.953033
3000_1000__500_1000,3500,3500,5000,1647.953033
500_1000__2000_0,1500,2151.387819,2302.775638,1654.888818
500_1000__2000_2000,1500,2151.387819,2302.775638,1654.888818
1000_0__2500_1000,1500,2151.387819,2302.775638,1654.888818
1000_2000__2500_1000,1500,2151.387819,2302.775638,1654.888818
1000_0__2000_2000,2000,2618.033989,3236.067977,1658.926879
1000_2000__2000_0,2000,2618.033989,3236.067977,1658.926879
1000_0__1500_500,1707.106781,1707.106781,1414.213562,1658.927595
1000_2000__1500_1500,1707.106781,1707.106781,1414.213562,1658.927595
1500_500__2000_0,1707.106781,1707.106781,1414.213562,1658.927595
1500_1500__2000_2000,1707.106781,1707.106781,1414.213562,1658.927595
0_500__2000_1000,1118.033989,2089.793401,2179.586802,1659.942927
0_1500__2000_1000,1118.033989,2089.793401,2179.586802,1659.942927
1000_1000__3000_500,1118.033989,2089.793401,2179.586802,1659.942927
1000_1000__3000_1500,1118.033989,2089.793401,2179.586802,1659.942927
1500_500__0_500,2768.659594,2634.329797,3268.659594,1661.539738
1500_1500__0_1500,2768.659594,2634.329797,3268.659594,1661.539738
3000_500__1500_500,2768.659594,2634.329797,3268.659594,1661.539738
3000_1500__1500_1500,2768.659594,2634.329797,3268.659594,1661.539738
500_1000__1500_0,1618.033989,2016.123776,2032.247551,1661.75441
500_1000__1500_2000,1618.033989,2016.123776,2032.247551,1661.75441
1500_0__2500_1000,1618.033989,2016.123776,2032.247551,1661.75441
1500_2000__2500_1000,1618.033989,2016.123776,2032.247551,1661.75441
500_0__1500_1500,1825.14077,2313.958204,2627.916408,1666.885905
500_2000__1500_500,1825.14077,2313.958204,2627.916408,1666.885905
1500_500__2500_2000,1825.14077,2313.958204,2627.916408,1666.885905
1500_1500__2500_0,1825.14077,2313.958204,2627.916408,1666.885905
500_500__1000_500,1825.14077,1662.570385,1325.14077,1669.295524
500_1500__1000_1500,1825.14077,1662.570385,1325.14077,1669.295524
2000_500__2500_500,1825.14077,1662.570385,1325.14077,1669.295524
2000_1500__2500_1500,1825.14077,1662.570385,1325.14077,1669.295524
1500_500__500_0,2509.882419,2313.958204,2627.916408,1670.860675
1500_1500__500_2000,2509.882419,2313.958204,2627.916408,1670.860675
2500_0__1500_500,2509.882419,2313.958204,2627.916408,1670.860675
2500_2000__1500_1500,2509.882419,2313.958204,2627.916408,1670.860675
0_1000__1500_1000,1500,2000,2000,1672.397614
1500_1000__3000_1000,1500,2000,2000,1672.397614
2000_0__1000_2000,2828.427125,3032.247551,4064.495102,1676.859608
2000_2000__1000_0,2828.427125,3032.247551,4064.495102,1676.859608
1000_500__1000_0,1914.213562,1707.106781,1414.213562,1676.860418
1000_1500__1000_2000,1914.213562,1707.106781,1414.213562,1676.860418
2000_0__2000_500,1914.213562,1707.106781,1414.213562,1676.860418
2000_2000__2000_1500,1914.213562,1707.106781,1414.213562,1676.860418
500_0__1500_1000,1618.033989,2016.123776,2032.247551,1680.469793
500_2000__1500_1000,1618.033989,2016.123776,2032.247551,1680.469793
1500_1000__2500_0,1618.033989,2016.123776,2032.247551,1680.469793
1500_1000__2500_2000,1618.033989,2016.123776,2032.247551,1680.469793
500_500__2500_500,1414.213562,2207.106781,2414.213562,1687.671825
500_1500__2500_1500,1414.213562,2207.106781,2414.213562,1687.671825
1000_0__1000_2000,2414.213562,2707.106781,3414.213562,1694.192667
1000_2000__1000_0,2414.213562,2707.106781,3414.213562,1694.192667
2000_0__2000_2000,2414.213562,2707.106781,3414.213562,1694.192667
2000_2000__2000_0,2414.213562,2707.106781,3414.213562,1694.192667
1000_500__0_1000,2500,2309.016994,2618.033989,1694.755988
1000_1500__0_1000,2500,2309.016994,2618.033989,1694.755988
3000_1000__2000_500,2500,2309.016994,2618.033989,1694.755988
3000_1000__2000_1500,2500,2309.016994,2618.033989,1694.755988
1000_0__2000_500,1500,1809.016994,1618.033989,1699.428267
1000_500__2000_0,1500,1809.016994,1618.033989,1699.428267
1000_1500__2000_2000,1500,1809.016994,1618.033989,1699.428267
1000_2000__2000_1500,1500,1809.016994,1618.033989,1699.428267
1000_0__1000_500,2118.033989,1809.016994,1618.033989,1700.429723
1000_2000__1000_1500,2118.033989,1809.016994,1618.033989,1700.429723
2000_500__2000_0,2118.033989,1809.016994,1618.033989,1700.429723
2000_1500__2000_2000,2118.033989,1809.016994,1618.033989,1700.429723
2000_500__500_0,2920.809626,2750.974228,3501.948457,1702.549835
2000_1500__500_2000,2920.809626,2750.974228,3501.948457,1702.549835
2500_0__1000_500,2920.809626,2750.974228,3501.948457,1702.549835
2500_2000__1000_1500,2920.809626,2750.974228,3501.948457,1702.549835
1500_0__500_500,2699.172819,2408.603404,2817.206808,1703.205192
1500_2000__500_1500,2699.172819,2408.603404,2817.206808,1703.205192
2500_500__1500_0,2699.172819,2408.603404,2817.206808,1703.205192
2500_1500__1500_2000,2699.172819,2408.603404,2817.206808,1703.205192
1000_0__500_1000,2500,2309.016994,2618.033989,1707.972671
1000_2000__500_1000,2500,2309.016994,2618.033989,1707.972671
2500_1000__2000_0,2500,2309.016994,2618.033989,1707.972671
2500_1000__2000_2000,2500,2309.016994,2618.033989,1707.972671
500_500__500_1000,2207.106781,1853.553391,1707.106781,1709.094998
500_1500__500_1000,2207.106781,1853.553391,1707.106781,1709.094998
2500_1000__2500_500,2207.106781,1853.553391,1707.106781,1709.094998
2500_1000__2500_1500,2207.106781,1853.553391,1707.106781,1709.094998
0_1000__2000_500,1500,2280.776406,2561.552813,1711.089226
0_1000__2000_1500,1500,2280.776406,2561.552813,1711.089226
1000_500__3000_1000,1500,2280.776406,2561.552813,1711.089226
1000_1500__3000_1000,1500,2280.776406,2561.552813,1711.089226
500_1000__500_500,2081.13883,1790.569415,1581.13883,1711.521332
500_1000__500_1500,2081.13883,1790.569415,1581.13883,1711.521332
2500_500__2500_1000,2081.13883,1790.569415,1581.13883,1711.521332
2500_1500__2500_1000,2081.13883,1790.569415,1581.13883,1711.521332
2000_500__0_500,3179.586802,3089.793401,4179.586802,1716.069314
2000_1500__0_1500,3179.586802,3089.793401,4179.586802,1716.069314
3000_500__1000_500,3179.586802,3089.793401,4179.586802,1716.069314
3000_1500__1000_1500,3179.586802,3089.793401,4179.586802,1716.069314
0_500__2000_1500,1618.033989,2427.050983,2854.101966,1716.47068
0_1500__2000_500,1618.033989,2427.050983,2854.101966,1716.47068
1000_500__3000_1500,1618.033989,2427.050983,2854.101966,1716.47068
1000_1500__3000_500,1618.033989,2427.050983,2854.101966,1716.47068
0_500__2500_1000,1618.033989,2583.771873,3167.543746,1722.992384
0_1500__2500_1000,1618.033989,2583.771873,3167.543746,1722.992384
500_1000__3000_500,1618.033989,2583.771873,3167.543746,1722.992384
500_1000__3000_1500,1618.033989,2583.771873,3167.543746,1722.992384
500_0__2500_1500,1825.14077,2662.570385,3325.14077,1723.819549
500_500__2500_2000,1825.14077,2662.570385,3325.14077,1723.819549
500_1500__2500_0,1825.14077,2662.570385,3325.14077,1723.819549
500_2000__2500_500,1825.14077,2662.570385,3325.14077,1723.819549
1500_1000__0_0,2736.067977,2769.421808,3538.843615,1730.947666
1500_1000__0_2000,2736.067977,2769.421808,3538.843615,1730.947666
3000_0__1500_1000,2736.067977,2769.421808,3538.843615,1730.947666
3000_2000__1500_1000,2736.067977,2769.421808,3538.843615,1730.947666
2000_0__500_500,2995.352392,2788.245611,3576.491223,1735.031617
2000_2000__500_1500,2995.352392,2788.245611,3576.491223,1735.031617
2500_500__1000_0,2995.352392,2788.245611,3576.491223,1735.031617
2500_1500__1000_2000,2995.352392,2788.245611,3576.491223,1735.031617
1000_0__500_1500,2581.13883,2581.13883,3162.27766,1735.298842
1000_2000__500_500,2581.13883,2581.13883,3162.27766,1735.298842
2500_500__2000_2000,2581.13883,2581.13883,3162.27766,1735.298842
2500_1500__2000_0,2581.13883,2581.13883,3162.27766,1735.298842
2500_1000__0_500,3561.552813,3555.531285,5111.06257,1740.610492
2500_1000__0_1500,3561.552813,3555.531285,5111.06257,1740.610492
3000_500__500_1000,3561.552813,3555.531285,5111.06257,1740.610492
3000_1500__500_1000,3561.552813,3555.531285,5111.06257,1740.610492
2500_0__500_1000,3302.775638,3269.421808,4538.843615,1741.953791
2500_1000__500_0,3302.775638,3269.421808,4538.843615,1741.953791
2500_1000__500_2000,3302.775638,3269.421808,4538.843615,1741.953791
2500_2000__500_1000,3302.775638,3269.421808,4538.843615,1741.953791
1000_500__0_1500,2561.552813,2487.883188,2975.766375,1750.798121
1000_1500__0_500,2561.552813,2487.883188,2975.766375,1750.798121
3000_500__2000_1500,2561.552813,2487.883188,2975.766375,1750.798121
3000_1500__2000_500,2561.552813,2487.883188,2975.766375,1750.798121
500_0__2500_1000,1618.033989,2427.050983,2854.101966,1755.009335
500_1000__2500_0,1618.033989,2427.050983,2854.101966,1755.009335
500_1000__2500_2000,1618.033989,2427.050983,2854.101966,1755.009335
500_2000__2500_1000,1618.033989,2427.050983,2854.101966,1755.009335
1500_0__500_2000,2920.809626,3078.438802,4156.877604,1757.696557
1500_2000__500_0,2920.809626,3078.438802,4156.877604,1757.696557
2500_0__1500_2000,2920.809626,3078.438802,4156.877604,1757.696557
2500_2000__1500_0,2920.809626,3078.438802,4156.877604,1757.696557
2500_500__0_1000,3581.13883,3565.324293,5130.648587,1759.524523
2500_1500__0_1000,3581.13883,3565.324293,5130.648587,1759.524523
3000_1000__500_500,3581.13883,3565.324293,5130.648587,1759.524523
3000_1000__500_1500,3581.13883,3565.324293,5130.648587,1759.524523
500_1000__1000_0,1914.213562,2016.123776,2032.247551,1760.491953
500_1000__1000_2000,1914.213562,2016.123776,2032.247551,1760.491953
2000_0__2500_1000,1914.213562,2016.123776,2032.247551,1760.491953
2000_2000__2500_1000,1914.213562,2016.123776,2032.247551,1760.491953
500_500__1000_2000,2121.320344,2351.229587,2702.459174,1760.625577
500_1500__1000_0,2121.320344,2351.229587,2702.459174,1760.625577
2000_0__2500_1500,2121.320344,2351.229587,2702.459174,1760.625577
2000_2000__2500_500,2121.320344,2351.229587,2702.459174,1760.625577
1500_500__0_2000,2943.174759,3032.247551,4064.495102,1762.092707
1500_1500__0_0,2943.174759,3032.247551,4064.495102,1762.092707
3000_0__1500_1500,2943.174759,3032.247551,4064.495102,1762.092707
3000_2000__1500_500,2943.174759,3032.247551,4064.495102,1762.092707
0_500__1500_1000,1618.033989,2099.586409,2199.172819,1762.629946
0_1500__1500_1000,1618.033989,2099.586409,2199.172819,1762.629946
1500_1000__3000_500,1618.033989,2099.586409,2199.172819,1762.629946
1500_1000__3000_1500,1618.033989,2099.586409,2199.172819,1762.629946
0_1000__2500_500,1707.106781,2628.308269,3256.616538,1762.718759
0_1000__2500_1500,1707.106781,2628.308269,3256.616538,1762.718759
500_500__3000_1000,1707.106781,2628.308269,3256.616538,1762.718759
500_1500__3000_1000,1707.106781,2628.308269,3256.616538,1762.718759
0_500__2500_1500,1825.14077,2758.861587,3517.723174,1766.740243
0_1500__2500_500,1825.14077,2758.861587,3517.723174,1766.740243
500_500__3000_1500,1825.14077,2758.861587,3517.723174,1766.740243
500_1500__3000_500,1825.14077,2758.861587,3517.723174,1766.740243
2500_0__500_1500,3383.914468,3441.957234,4883.914468,1767.665553
2500_500__500_2000,3383.914468,3441.957234,4883.914468,1767.665553
2500_1500__500_0,3383.914468,3441.957234,4883.914468,1767.665553
2500_2000__500_500,3383.914468,3441.957234,4883.914468,1767.665553
500_0__1000_1500,2236.067977,2408.603404,2817.206808,1777.609125
500_2000__1000_500,2236.067977,2408.603404,2817.206808,1777.609125
2000_500__2500_2000,2236.067977,2408.603404,2817.206808,1777.609125
2000_1500__2500_0,2236.067977,2408.603404,2817.206808,1777.609125
1000_500__0_500,2561.552813,2280.776406,2561.552813,1779.083645
1000_1500__0_1500,2561.552813,2280.776406,2561.552813,1779.083645
3000_500__2000_500,2561.552813,2280.776406,2561.552813,1779.083645
3000_1500__2000_1500,2561.552813,2280.776406,2561.552813,1779.083645
500_0__1000_1000,2118.033989,2118.033989,2236.067977,1781.159537
500_2000__1000_1000,2118.033989,2118.033989,2236.067977,1781.159537
2000_1000__2500_0,2118.033989,2118.033989,2236.067977,1781.159537
2000_1000__2500_2000,2118.033989,2118.033989,2236.067977,1781.159537
500_500__500_1500,2288.245611,2144.122806,2288.245611,1781.512192
500_1500__500_500,2288.245611,2144.122806,2288.245611,1781.512192
2500_500__2500_1500,2288.245611,2144.122806,2288.245611,1781.512192
2500_1500__2500_500,2288.245611,2144.122806,2288.245611,1781.512192
0_1000__1500_500,1707.106781,2144.122806,2288.245611,1783.112224
0_1000__1500_1500,1707.106781,2144.122806,2288.245611,1783.112224
1500_500__3000_1000,1707.106781,2144.122806,2288.245611,1783.112224
1500_1500__3000_1000,1707.106781,2144.122806,2288.245611,1783.112224
500_0__2000_2000,2118.033989,2809.016994,3618.033989,1791.135907
500_2000__2000_0,2118.033989,2809.016994,3618.033989,1791.135907
1000_0__2500_2000,2118.033989,2809.016994,3618.033989,1791.135907
1000_2000__2500_0,2118.033989,2809.016994,3618.033989,1791.135907
2000_1000__0_0,3236.067977,3236.067977,4472.135955,1791.147533
2000_1000__0_2000,3236.067977,3236.067977,4472.135955,1791.147533
3000_0__1000_1000,3236.067977,3236.067977,4472.135955,1791.147533
3000_2000__1000_1000,3236.067977,3236.067977,4472.135955,1791.147533
2500_500__0_1500,3642.691643,3667.637023,5335.274046,1794.075968
2500_1500__0_500,3642.691643,3667.637023,5335.274046,1794.075968
3000_500__500_1500,3642.691643,3667.637023,5335.274046,1794.075968
3000_1500__500_500,3642.691643,3667.637023,5335.274046,1794.075968
0_500__1500_1500,1825.14077,2313.958204,2627.916408,1796.915053
0_1500__1500_500,1825.14077,2313.958204,2627.916408,1796.915053
1500_500__3000_1500,1825.14077,2313.958204,2627.916408,1796.915053
1500_1500__3000_500,1825.14077,2313.958204,2627.916408,1796.915053
2000_0__500_2000,3216.9892,3358.4946,4716.9892,1797.779343
2000_2000__500_0,3216.9892,3358.4946,4716.9892,1797.779343
2500_0__1000_2000,3216.9892,3358.4946,4716.9892,1797.779343
2500_2000__1000_0,3216.9892,3358.4946,4716.9892,1797.779343
1000_500__500_0,2302.775638,2004.941209,2009.882419,1798.573262
1000_1500__500_2000,2302.775638,2004.941209,2009.882419,1798.573262
2500_0__2000_500,2302.775638,2004.941209,2009.882419,1798.573262
2500_2000__2000_1500,2302.775638,2004.941209,2009.882419,1798.573262
500_0__1500_2000,2236.067977,2736.067977,3472.135955,1801.210076
500_2000__1500_0,2236.067977,2736.067977,3472.135955,1801.210076
1500_0__2500_2000,2236.067977,2736.067977,3472.135955,1801.210076
1500_2000__2500_0,2236.067977,2736.067977,3472.135955,1801.210076
1000_0__500_500,2581.13883,2144.122806,2288.245611,1820.239124
1000_2000__500_1500,2581.13883,2144.122806,2288.245611,1820.239124
2500_500__2000_0,2581.13883,2144.122806,2288.245611,1820.239124
2500_1500__2000_2000,2581.13883,2144.122806,2288.245611,1820.239124
2000_500__0_2000,3354.101966,3427.050983,4854.101966,1821.532854
2000_1500__0_0,3354.101966,3427.050983,4854.101966,1821.532854
3000_0__1000_1500,3354.101966,3427.050983,4854.101966,1821.532854
3000_2000__1000_500,3354.101966,3427.050983,4854.101966,1821.532854
0_1000__3000_1000,2000,3000,4000,1827.270508
0_1000__1000_1000,2000,2000,2000,1828.292847
2000_1000__3000_1000,2000,2000,2000,1828.292847
2000_0__1000_0,2828.427125,2414.213562,2828.427125,1828.426996
2000_2000__1000_2000,2828.427125,2414.213562,2828.427125,1828.426996
500_500__500_500,2288.245611,1644.122806,1288.245611,1832.521592
500_1500__500_1500,2288.245611,1644.122806,1288.245611,1832.521592
2500_500__2500_500,2288.245611,1644.122806,1288.245611,1832.521592
2500_1500__2500_1500,2288.245611,1644.122806,1288.245611,1832.521592
1000_1000__0_0,2236.067977,2325.14077,2650.28154,1834.808059
1000_1000__0_2000,2236.067977,2325.14077,2650.28154,1834.808059
3000_0__2000_1000,2236.067977,2325.14077,2650.28154,1834.808059
3000_2000__2000_1000,2236.067977,2325.14077,2650.28154,1834.808059
1500_0__1000_0,2532.247551,2016.123776,2032.247551,1841.427591
1500_2000__1000_2000,2532.247551,2016.123776,2032.247551,1841.427591
2000_0__1500_0,2532.247551,2016.123776,2032.247551,1841.427591
2000_2000__1500_2000,2532.247551,2016.123776,2032.247551,1841.427591
1500_0__1500_0,2236.067977,1618.033989,1236.067977,1845.645725
1500_2000__1500_2000,2236.067977,1618.033989,1236.067977,1845.645725
500_0__1500_500,1825.14077,1971.587379,1943.174759,1855.283025
500_2000__1500_1500,1825.14077,1971.587379,1943.174759,1855.283025
1500_500__2500_0,1825.14077,1971.587379,1943.174759,1855.283025
1500_1500__2500_2000,1825.14077,1971.587379,1943.174759,1855.283025
500_0__2000_500,1618.033989,2099.586409,2199.172819,1855.808286
500_2000__2000_1500,1618.033989,2099.586409,2199.172819,1855.808286
1000_500__2500_0,1618.033989,2099.586409,2199.172819,1855.808286
1000_1500__2500_2000,1618.033989,2099.586409,2199.172819,1855.808286
500_500__1500_0,1825.14077,1971.587379,1943.174759,1856.506909
500_1500__1500_2000,1825.14077,1971.587379,1943.174759,1856.506909
1500_0__2500_500,1825.14077,1971.587379,1943.174759,1856.506909
1500_2000__2500_1500,1825.14077,1971.587379,1943.174759,1856.506909
0_500__2000_500,1618.033989,2309.016994,2618.033989,1860.421959
0_1500__2000_1500,1618.033989,2309.016994,2618.033989,1860.421959
1000_500__3000_500,1618.033989,2309.016994,2618.033989,1860.421959
1000_1500__3000_1500,1618.033989,2309.016994,2618.033989,1860.421959
500_500__2000_0,1707.106781,2144.122806,2288.245611,1868.547226
500_1500__2000_2000,1707.106781,2144.122806,2288.245611,1868.547226
1000_0__2500_500,1707.106781,2144.122806,2288.245611,1868.547226
1000_2000__2500_1500,1707.106781,2144.122806,2288.245611,1868.547226
1000_0__500_2000,2802.775638,2932.164225,3864.328451,1872.015734
1000_2000__500_0,2802.775638,2932.164225,3864.328451,1872.015734
2500_0__2000_2000,2802.775638,2932.164225,3864.328451,1872.015734
2500_2000__2000_0,2802.775638,2932.164225,3864.328451,1872.015734
2500_500__0_500,3642.691643,3571.345821,5142.691643,1876.446812
2500_1500__0_1500,3642.691643,3571.345821,5142.691643,1876.446812
3000_500__500_500,3642.691643,3571.345821,5142.691643,1876.446812
3000_1500__500_1500,3642.691643,3571.345821,5142.691643,1876.446812
2500_0__500_500,3383.914468,3222.73364,4445.467281,1876.835212
2500_500__500_0,3383.914468,3222.73364,4445.467281,1876.835212
2500_1500__500_2000,3383.914468,3222.73364,4445.467281,1876.835212
2500_2000__500_1500,3383.914468,3222.73364,4445.467281,1876.835212
1500_0__0_1000,3118.033989,2960.404813,3920.809626,1877.378246
1500_2000__0_1000,3118.033989,2960.404813,3920.809626,1877.378246
3000_1000__1500_0,3118.033989,2960.404813,3920.809626,1877.378246
3000_1000__1500_2000,3118.033989,2960.404813,3920.809626,1877.378246
0_0__2000_1000,1414.213562,2325.14077,2650.28154,1880.917858
0_2000__2000_1000,1414.213562,2325.14077,2650.28154,1880.917858
1000_1000__3000_0,1414.213562,2325.14077,2650.28154,1880.917858
1000_1000__3000_2000,1414.213562,2325.14077,2650.28154,1880.917858
2000_0__0_1500,3475.766375,3487.883188,4975.766375,1881.625783
2000_2000__0_500,3475.766375,3487.883188,4975.766375,1881.625783
3000_500__1000_2000,3475.766375,3487.883188,4975.766375,1881.625783
3000_1500__1000_0,3475.766375,3487.883188,4975.766375,1881.625783
500_0__2500_2000,2236.067977,3032.247551,4064.495102,1885.425328
500_2000__2500_0,2236.067977,3032.247551,4064.495102,1885.425328
1500_0__0_1500,3179.586802,3150.453573,4300.907145,1885.709281
1500_2000__0_500,3179.586802,3150.453573,4300.907145,1885.709281
3000_500__1500_2000,3179.586802,3150.453573,4300.907145,1885.709281
3000_1500__1500_0,3179.586802,3150.453573,4300.907145,1885.709281
2000_0__0_1000,3414.213562,3325.14077,4650.28154,1886.155994
2000_2000__0_1000,3414.213562,3325.14077,4650.28154,1886.155994
3000_1000__1000_0,3414.213562,3325.14077,4650.28154,1886.155994
3000_1000__1000_2000,3414.213562,3325.14077,4650.28154,1886.155994
1500_500__0_0,2943.174759,2762.156794,3524.313589,1886.672513
1500_1500__0_2000,2943.174759,2762.156794,3524.313589,1886.672513
3000_0__1500_500,2943.174759,2762.156794,3524.313589,1886.672513
3000_2000__1500_1500,2943.174759,2762.156794,3524.313589,1886.672513
0_0__2000_1500,1914.213562,2707.106781,3414.213562,1888.02844
0_2000__2000_500,1914.213562,2707.106781,3414.213562,1888.02844
1000_500__3000_2000,1914.213562,2707.106781,3414.213562,1888.02844
1000_1500__3000_0,1914.213562,2707.106781,3414.213562,1888.02844
3000_1000__0_1000,4000,4000,6000,1893.798828
500_1000__0_1000,2500,2000,2000,1894.191742
3000_1000__2500_1000,2500,2000,2000,1894.191742
0_500__1000_1000,2118.033989,2118.033989,2236.067977,1906.488501
0_1500__1000_1000,2118.033989,2118.033989,2236.067977,1906.488501
2000_1000__3000_500,2118.033989,2118.033989,2236.067977,1906.488501
2000_1000__3000_1500,2118.033989,2118.033989,2236.067977,1906.488501
0_500__1500_500,1825.14077,2162.570385,2325.14077,1912.316513
0_1500__1500_1500,1825.14077,2162.570385,2325.14077,1912.316513
1500_500__3000_500,1825.14077,2162.570385,2325.14077,1912.316513
1500_1500__3000_1500,1825.14077,2162.570385,2325.14077,1912.316513
1000_500__0_2000,2736.067977,2769.421808,3538.843615,1913.119104
1000_1500__0_0,2736.067977,2769.421808,3538.843615,1913.119104
3000_0__2000_1500,2736.067977,2769.421808,3538.843615,1913.119104
3000_2000__2000_500,2736.067977,2769.421808,3538.843615,1913.119104
2500_0__500_2000,3605.551275,3716.9892,5433.9784,1921.901368
2500_2000__500_0,3605.551275,3716.9892,5433.9784,1921.901368
500_0__1000_2000,2532.247551,2796.900182,3593.800364,1922.770338
500_2000__1000_0,2532.247551,2796.900182,3593.800364,1922.770338
2000_0__2500_2000,2532.247551,2796.900182,3593.800364,1922.770338
2000_2000__2500_0,2532.247551,2796.900182,3593.800364,1922.770338
0_500__2500_500,1825.14077,2662.570385,3325.14077,1927.413891
0_1500__2500_1500,1825.14077,2662.570385,3325.14077,1927.413891
500_500__3000_500,1825.14077,2662.570385,3325.14077,1927.413891
500_1500__3000_1500,1825.14077,2662.570385,3325.14077,1927.413891
500_500__1000_0,2121.320344,1914.213562,1828.427125,1928.336732
500_1500__1000_2000,2121.320344,1914.213562,1828.427125,1928.336732
2000_0__2500_500,2121.320344,1914.213562,1828.427125,1928.336732
2000_2000__2500_1500,2121.320344,1914.213562,1828.427125,1928.336732
0_1000__1000_500,2118.033989,2118.033989,2236.067977,1928.68448
0_1000__1000_1500,2118.033989,2118.033989,2236.067977,1928.68448
2000_500__3000_1000,2118.033989,2118.033989,2236.067977,1928.68448
2000_1500__3000_1000,2118.033989,2118.033989,2236.067977,1928.68448
500_0__1000_500,2236.067977,1971.587379,1943.174759,1931.31994
500_2000__1000_1500,2236.067977,1971.587379,1943.174759,1931.31994
2000_500__2500_0,2236.067977,1971.587379,1943.174759,1931.31994
2000_1500__2500_2000,2236.067977,1971.587379,1943.174759,1931.31994
0_500__2000_2000,2118.033989,2809.016994,3618.033989,1934.184451
0_1500__2000_0,2118.033989,2809.016994,3618.033989,1934.184451
1000_0__3000_1500,2118.033989,2809.016994,3618.033989,1934.184451
1000_2000__3000_500,2118.033989,2809.016994,3618.033989,1934.184451
0_0__2500_1500,2121.320344,3018.398145,4036.796291,1934.643253
0_2000__2500_500,2121.320344,3018.398145,4036.796291,1934.643253
500_500__3000_2000,2121.320344,3018.398145,4036.796291,1934.643253
500_1500__3000_0,2121.320344,3018.398145,4036.796291,1934.643253
2000_500__0_0,3354.101966,3207.82739,4415.654779,1935.196949
2000_1500__0_2000,3354.101966,3207.82739,4415.654779,1935.196949
3000_0__1000_500,3354.101966,3207.82739,4415.654779,1935.196949
3000_2000__1000_1500,3354.101966,3207.82739,4415.654779,1935.196949
1500_0__500_0,2920.809626,2460.404813,2920.809626,1938.899005
1500_2000__500_2000,2920.809626,2460.404813,2920.809626,1938.899005
2500_0__1500_0,2920.809626,2460.404813,2920.809626,1938.899005
2500_2000__1500_2000,2920.809626,2460.404813,2920.809626,1938.899005
500_1000__500_0,2302.775638,2151.387819,2302.775638,1939.323401
500_1000__500_2000,2302.775638,2151.387819,2302.775638,1939.323401
2500_0__2500_1000,2302.775638,2151.387819,2302.775638,1939.323401
2500_2000__2500_1000,2302.775638,2151.387819,2302.775638,1939.323401
1000_0__1500_0,2118.033989,1809.016994,1618.033989,1939.904746
1000_2000__1500_2000,2118.033989,1809.016994,1618.033989,1939.904746
1500_0__2000_0,2118.033989,1809.016994,1618.033989,1939.904746
1500_2000__2000_2000,2118.033989,1809.016994,1618.033989,1939.904746
0_500__3000_1000,2118.033989,3079.707627,4159.415254,1945.37086
0_1000__3000_500,2118.033989,3079.707627,4159.415254,1945.37086
0_1000__3000_1500,2118.033989,3079.707627,4159.415254,1945.37086
0_1500__3000_1000,2118.033989,3079.707627,4159.415254,1945.37086
2500_1000__0_0,3736.067977,3714.325191,5428.650381,1950.923422
2500_1000__0_2000,3736.067977,3714.325191,5428.650381,1950.923422
3000_0__500_1000,3736.067977,3714.325191,5428.650381,1950.923422
3000_2000__500_1000,3736.067977,3714.325191,5428.650381,1950.923422
0_500__3000_1500,2236.067977,3199.172819,4398.345638,1954.221796
0_1500__3000_500,2236.067977,3199.172819,4398.345638,1954.221796
0_500__1000_1500,2236.067977,2325.14077,2650.28154,1957.733042
0_1500__1000_500,2236.067977,2325.14077,2650.28154,1957.733042
2000_500__3000_1500,2236.067977,2325.14077,2650.28154,1957.733042
2000_1500__3000_500,2236.067977,2325.14077,2650.28154,1957.733042
0_0__2500_1000,1914.213562,2803.397983,3606.795966,1957.848491
0_2000__2500_1000,1914.213562,2803.397983,3606.795966,1957.848491
500_1000__3000_0,1914.213562,2803.397983,3606.795966,1957.848491
500_1000__3000_2000,1914.213562,2803.397983,3606.795966,1957.848491
0_0__1500_1500,2121.320344,2621.320344,3242.640687,1959.586966
0_2000__1500_500,2121.320344,2621.320344,3242.640687,1959.586966
1500_500__3000_2000,2121.320344,2621.320344,3242.640687,1959.586966
1500_1500__3000_0,2121.320344,2621.320344,3242.640687,1959.586966
500_0__500_1000,2618.033989,2309.016994,2618.033989,1960.967305
500_2000__500_1000,2618.033989,2309.016994,2618.033989,1960.967305
2500_1000__2500_0,2618.033989,2309.016994,2618.033989,1960.967305
2500_1000__2500_2000,2618.033989,2309.016994,2618.033989,1960.967305
1000_0__1000_0,2414.213562,1707.106781,1414.213562,1963.300234
1000_2000__1000_2000,2414.213562,1707.106781,1414.213562,1963.300234
2000_0__2000_0,2414.213562,1707.106781,1414.213562,1963.300234
2000_2000__2000_2000,2414.213562,1707.106781,1414.213562,1963.300234
500_500__500_2000,2509.882419,2504.941209,3009.882419,1966.022189
500_1500__500_0,2509.882419,2504.941209,3009.882419,1966.022189
2500_0__2500_1500,2509.882419,2504.941209,3009.882419,1966.022189
2500_2000__2500_500,2509.882419,2504.941209,3009.882419,1966.022189
2500_500__0_2000,3817.206808,3866.341378,5732.682755,1966.765466
2500_1500__0_0,3817.206808,3866.341378,5732.682755,1966.765466
3000_0__500_1500,3817.206808,3866.341378,5732.682755,1966.765466
3000_2000__500_500,3817.206808,3866.341378,5732.682755,1966.765466
2000_0__500_0,3216.9892,2858.4946,3716.9892,1971.905596
2000_2000__500_2000,3216.9892,2858.4946,3716.9892,1971.905596
2500_0__1000_0,3216.9892,2858.4946,3716.9892,1971.905596
2500_2000__1000_2000,3216.9892,2858.4946,3716.9892,1971.905596
0_0__1500_1000,1914.213562,2358.4946,2716.9892,1972.613344
0_2000__1500_1000,1914.213562,2358.4946,2716.9892,1972.613344
1500_1000__3000_0,1914.213562,2358.4946,2716.9892,1972.613344
1500_1000__3000_2000,1914.213562,2358.4946,2716.9892,1972.613344
0_500__2500_2000,2236.067977,3075.771962,4151.543925,1974.187246
0_1500__2500_0,2236.067977,3075.771962,4151.543925,1974.187246
500_0__3000_1500,2236.067977,3075.771962,4151.543925,1974.187246
500_2000__3000_500,2236.067977,3075.771962,4151.543925,1974.187246
1500_0__0_500,3179.586802,2880.362816,3760.725632,1975.883242
1500_2000__0_1500,3179.586802,2880.362816,3760.725632,1975.883242
3000_500__1500_0,3179.586802,2880.362816,3760.725632,1975.883242
3000_1500__1500_2000,3179.586802,2880.362816,3760.725632,1975.883242
0_1000__2000_0,2000,2618.033989,3236.067977,1977.728254
0_1000__2000_2000,2000,2618.033989,3236.067977,1977.728254
1000_0__3000_1000,2000,2618.033989,3236.067977,1977.728254
1000_2000__3000_1000,2000,2618.033989,3236.067977,1977.728254
500_0__2500_500,1825.14077,2443.346791,2886.693583,1978.308588
500_500__2500_0,1825.14077,2443.346791,2886.693583,1978.308588
500_1500__2500_2000,1825.14077,2443.346791,2886.693583,1978.308588
500_2000__2500_1500,1825.14077,2443.346791,2886.693583,1978.308588
3000_500__0_1000,4061.552813,4051.467039,6102.934078,1983.662765
3000_1000__0_500,4061.552813,4051.467039,6102.934078,1983.662765
3000_1000__0_1500,4061.552813,4051.467039,6102.934078,1983.662765
3000_1500__0_1000,4061.552813,4051.467039,6102.934078,1983.662765
500_1000__0_500,2561.552813,2134.329797,2268.659594,1988.160008
500_1000__0_1500,2561.552813,2134.329797,2268.659594,1988.160008
3000_500__2500_1000,2561.552813,2134.329797,2268.659594,1988.160008
3000_1500__2500_1000,2561.552813,2134.329797,2268.659594,1988.160008
2500_0__0_1500,3864.328451,3889.902199,5779.804398,1988.189297
2500_2000__0_500,3864.328451,3889.902199,5779.804398,1988.189297
3000_500__500_2000,3864.328451,3889.902199,5779.804398,1988.189297
3000_1500__500_0,3864.328451,3889.902199,5779.804398,1988.189297
1500_0__0_2000,3354.101966,3427.050983,4854.101966,1994.320553
1500_2000__0_0,3354.101966,3427.050983,4854.101966,1994.320553
3000_0__1500_2000,3354.101966,3427.050983,4854.101966,1994.320553
3000_2000__1500_0,3354.101966,3427.050983,4854.101966,1994.320553
2000_0__0_2000,3650.28154,3739.354332,5478.708665,1995.367772
2000_2000__0_0,3650.28154,3739.354332,5478.708665,1995.367772
3000_0__1000_2000,3650.28154,3739.354332,5478.708665,1995.367772
3000_2000__1000_0,3650.28154,3739.354332,5478.708665,1995.367772
500_0__500_1500,2699.172819,2599.586409,3199.172819,1997.47958
500_2000__500_500,2699.172819,2599.586409,3199.172819,1997.47958
2500_500__2500_2000,2699.172819,2599.586409,3199.172819,1997.47958
2500_1500__2500_0,2699.172819,2599.586409,3199.172819,1997.47958
0_500__1500_2000,2236.067977,2678.694161,3357.388321,1998.238143
0_1500__1500_0,2236.067977,2678.694161,3357.388321,1998.238143
1500_0__3000_1500,2236.067977,2678.694161,3357.388321,1998.238143
1500_2000__3000_500,2236.067977,2678.694161,3357.388321,1998.238143
2500_0__0_1000,3802.775638,3747.679021,5495.358041,1999.580893
2500_2000__0_1000,3802.775638,3747.679021,5495.358041,1999.580893
3000_1000__500_0,3802.775638,3747.679021,5495.358041,1999.580893
3000_1000__500_2000,3802.775638,3747.679021,5495.358041,1999.580893
1000_0__0_1000,3000,2707.106781,3414.213562,1999.999252
1000_2000__0_1000,3000,2707.106781,3414.213562,1999.999252
3000_1000__2000_0,3000,2707.106781,3414.213562,1999.999252
3000_1000__2000_2000,3000,2707.106781,3414.213562,1999.999252
1000_0__2000_0,2000,2000,2000,1999.999856
1000_2000__2000_2000,2000,2000,2000,1999.999856
2000_0__0_500,3475.766375,3268.659594,4537.319188,2000.397639
2000_2000__0_1500,3475.766375,3268.659594,4537.319188,2000.397639
3000_500__1000_0,3475.766375,3268.659594,4537.319188,2000.397639
3000_1500__1000_2000,3475.766375,3268.659594,4537.319188,2000.397639
500_500__0_1000,2707.106781,2207.106781,2414.213562,2003.823626
500_1500__0_1000,2707.106781,2207.106781,2414.213562,2003.823626
3000_1000__2500_500,2707.106781,2207.106781,2414.213562,2003.823626
3000_1000__2500_1500,2707.106781,2207.106781,2414.213562,2003.823626
1000_500__0_0,2736.067977,2427.050983,2854.101966,2013.494081
1000_1500__0_2000,2736.067977,2427.050983,2854.101966,2013.494081
3000_0__2000_500,2736.067977,2427.050983,2854.101966,2013.494081
3000_2000__2000_1500,2736.067977,2427.050983,2854.101966,2013.494081
3000_500__0_1500,4123.105626,4142.691643,6285.383286,2013.690494
3000_1500__0_500,4123.105626,4142.691643,6285.383286,2013.690494
0_1000__1500_0,2118.033989,2460.404813,2920.809626,2023.09061
0_1000__1500_2000,2118.033989,2460.404813,2920.809626,2023.09061
1500_0__3000_1000,2118.033989,2460.404813,2920.809626,2023.09061
1500_2000__3000_1000,2118.033989,2460.404813,2920.809626,2023.09061
1000_0__0_1500,3061.552813,2932.164225,3864.328451,2025.948164
1000_2000__0_500,3061.552813,2932.164225,3864.328451,2025.948164
3000_500__2000_2000,3061.552813,2932.164225,3864.328451,2025.948164
3000_1500__2000_0,3061.552813,2932.164225,3864.328451,2025.948164
0_1000__2500_0,2118.033989,2905.308196,3810.616392,2029.936259
0_1000__2500_2000,2118.033989,2905.308196,3810.616392,2029.936259
500_0__3000_1000,2118.033989,2905.308196,3810.616392,2029.936259
500_2000__3000_1000,2118.033989,2905.308196,3810.616392,2029.936259
0_500__1000_500,2236.067977,2118.033989,2236.067977,2035.678378
0_1500__1000_1500,2236.067977,2118.033989,2236.067977,2035.678378
2000_500__3000_500,2236.067977,2118.033989,2236.067977,2035.678378
2000_1500__3000_1500,2236.067977,2118.033989,2236.067977,2035.678378
0_0__2000_2000,2414.213562,3121.320344,4242.640687,2038.234529
0_2000__2000_0,2414.213562,3121.320344,4242.640687,2038.234529
1000_0__3000_2000,2414.213562,3121.320344,4242.640687,2038.234529
1000_2000__3000_0,2414.213562,3121.320344,4242.640687,2038.234529
0_1000__500_1000,2500,2000,2000,2040.309906
2500_1000__3000_1000,2500,2000,2000,2040.309906
1000_0__500_0,2802.775638,2151.387819,2302.775638,2067.547843
1000_2000__500_2000,2802.775638,2151.387819,2302.775638,2067.547843
2500_0__2000_0,2802.775638,2151.387819,2302.775638,2067.547843
2500_2000__2000_2000,2802.775638,2151.387819,2302.775638,2067.547843
500_500__0_1500,2768.659594,2443.346791,2886.693583,2072.779838
500_1500__0_500,2768.659594,2443.346791,2886.693583,2072.779838
3000_500__2500_1500,2768.659594,2443.346791,2886.693583,2072.779838
3000_1500__2500_500,2768.659594,2443.346791,2886.693583,2072.779838
500_0__500_500,2699.172819,2099.586409,2199.172819,2073.994206
500_2000__500_1500,2699.172819,2099.586409,2199.172819,2073.994206
2500_500__2500_0,2699.172819,2099.586409,2199.172819,2073.994206
2500_1500__2500_2000,2699.172819,2099.586409,2199.172819,2073.994206
500_500__500_0,2509.882419,2004.941209,2009.882419,2075.377298
500_1500__500_2000,2509.882419,2004.941209,2009.882419,2075.377298
2500_0__2500_500,2509.882419,2004.941209,2009.882419,2075.377298
2500_2000__2500_1500,2509.882419,2004.941209,2009.882419,2075.377298
1000_0__0_500,3061.552813,2589.793401,3179.586802,2079.273249
1000_2000__0_1500,3061.552813,2589.793401,3179.586802,2079.273249
3000_500__2000_0,3061.552813,2589.793401,3179.586802,2079.273249
3000_1500__2000_2000,3061.552813,2589.793401,3179.586802,2079.273249
500_500__0_500,2768.659594,2134.329797,2268.659594,2080.013242
500_1500__0_1500,2768.659594,2134.329797,2268.659594,2080.013242
3000_500__2500_500,2768.659594,2134.329797,2268.659594,2080.013242
3000_1500__2500_1500,2768.659594,2134.329797,2268.659594,2080.013242
0_0__2500_2000,2532.247551,3366.904835,4733.80967,2087.811815
0_2000__2500_0,2532.247551,3366.904835,4733.80967,2087.811815
500_0__3000_2000,2532.247551,3366.904835,4733.80967,2087.811815
500_2000__3000_0,2532.247551,3366.904835,4733.80967,2087.811815
2500_500__0_0,3817.206808,3683.358282,5366.716564,2094.227377
2500_1500__0_2000,3817.206808,3683.358282,5366.716564,2094.227377
3000_0__500_500,3817.206808,3683.358282,5366.716564,2094.227377
3000_2000__500_1500,3817.206808,3683.358282,5366.716564,2094.227377
0_0__2000_500,1914.213562,2487.883188,2975.766375,2102.898926
0_2000__2000_1500,1914.213562,2487.883188,2975.766375,2102.898926
1000_500__3000_0,1914.213562,2487.883188,2975.766375,2102.898926
1000_1500__3000_2000,1914.213562,2487.883188,2975.766375,2102.898926
0_0__1500_2000,2532.247551,3016.123776,4032.247551,2103.296609
0_2000__1500_0,2532.247551,3016.123776,4032.247551,2103.296609
1500_0__3000_2000,2532.247551,3016.123776,4032.247551,2103.296609
1500_2000__3000_0,2532.247551,3016.123776,4032.247551,2103.296609
3000_500__0_500,4123.105626,4061.552813,6123.105626,2103.322081
3000_1500__0_1500,4123.105626,4061.552813,6123.105626,2103.322081
0_0__1000_1000,2414.213562,2414.213562,2828.427125,2104.662801
0_2000__1000_1000,2414.213562,2414.213562,2828.427125,2104.662801
2000_1000__3000_0,2414.213562,2414.213562,2828.427125,2104.662801
2000_1000__3000_2000,2414.213562,2414.213562,2828.427125,2104.662801
0_500__500_1000,2618.033989,2162.570385,2325.14077,2111.789829
0_1500__500_1000,2618.033989,2162.570385,2325.14077,2111.789829
2500_1000__3000_500,2618.033989,2162.570385,2325.14077,2111.789829
2500_1000__3000_1500,2618.033989,2162.570385,2325.14077,2111.789829
2500_0__0_2000,4038.843615,4120.202867,6240.405734,2112.32354
2500_2000__0_0,4038.843615,4120.202867,6240.405734,2112.32354
3000_0__500_2000,4038.843615,4120.202867,6240.405734,2112.32354
3000_2000__500_0,4038.843615,4120.202867,6240.405734,2112.32354
0_0__1000_1500,2532.247551,2667.511594,3335.023189,2113.598865
0_2000__1000_500,2532.247551,2667.511594,3335.023189,2113.598865
2000_500__3000_2000,2532.247551,2667.511594,3335.023189,2113.598865
2000_1500__3000_0,2532.247551,2667.511594,3335.023189,2113.598865
0_500__3000_500,2236.067977,3118.033989,4236.067977,2115.232768
0_1500__3000_1500,2236.067977,3118.033989,4236.067977,2115.232768
2500_0__500_0,3605.551275,3302.775638,4605.551275,2118.545466
2500_2000__500_2000,3605.551275,3302.775638,4605.551275,2118.545466
0_0__3000_1500,2532.247551,3443.174759,4886.349517,2123.687446
0_500__3000_2000,2532.247551,3443.174759,4886.349517,2123.687446
0_1500__3000_0,2532.247551,3443.174759,4886.349517,2123.687446
0_2000__3000_500,2532.247551,3443.174759,4886.349517,2123.687446
2500_0__0_500,3864.328451,3706.919104,5413.838207,2124.476798
2500_2000__0_1500,3864.328451,3706.919104,5413.838207,2124.476798
3000_500__500_0,3864.328451,3706.919104,5413.838207,2124.476798
3000_1500__500_2000,3864.328451,3706.919104,5413.838207,2124.476798
500_0__1500_0,2236.067977,2118.033989,2236.067977,2129.696599
500_2000__1500_2000,2236.067977,2118.033989,2236.067977,2129.696599
1500_0__2500_0,2236.067977,2118.033989,2236.067977,2129.696599
1500_2000__2500_2000,2236.067977,2118.033989,2236.067977,2129.696599
0_1000__500_500,2581.13883,2144.122806,2288.245611,2134.287312
0_1000__500_1500,2581.13883,2144.122806,2288.245611,2134.287312
2500_500__3000_1000,2581.13883,2144.122806,2288.245611,2134.287312
2500_1500__3000_1000,2581.13883,2144.122806,2288.245611,2134.287312
500_0__500_2000,2920.809626,2960.404813,3920.809626,2137.117191
500_2000__500_0,2920.809626,2960.404813,3920.809626,2137.117191
2500_0__2500_2000,2920.809626,2960.404813,3920.809626,2137.117191
2500_2000__2500_0,2920.809626,2960.404813,3920.809626,2137.117191
0_0__1500_500,2121.320344,2351.229587,2702.459174,2138.752823
0_2000__1500_1500,2121.320344,2351.229587,2702.459174,2138.752823
1500_500__3000_0,2121.320344,2351.229587,2702.459174,2138.752823
1500_1500__3000_2000,2121.320344,2351.229587,2702.459174,2138.752823
0_500__1000_2000,2532.247551,2667.511594,3335.023189,2143.490653
0_1500__1000_0,2532.247551,2667.511594,3335.023189,2143.490653
2000_0__3000_1500,2532.247551,2667.511594,3335.023189,2143.490653
2000_2000__3000_500,2532.247551,2667.511594,3335.023189,2143.490653
1000_0__0_2000,3236.067977,3236.067977,4472.135955,2143.641429
1000_2000__0_0,3236.067977,3236.067977,4472.135955,2143.641429
3000_0__2000_2000,3236.067977,3236.067977,4472.135955,2143.641429
3000_2000__2000_0,3236.067977,3236.067977,4472.135955,2143.641429
0_500__2000_0,2118.033989,2589.793401,3179.586802,2144.977477
0_1500__2000_2000,2118.033989,2589.793401,3179.586802,2144.977477
1000_0__3000_500,2118.033989,2589.793401,3179.586802,2144.977477
1000_2000__3000_1500,2118.033989,2589.793401,3179.586802,2144.977477
0_1000__1000_0,2414.213562,2414.213562,2828.427125,2146.933715
0_1000__1000_2000,2414.213562,2414.213562,2828.427125,2146.933715
2000_0__3000_1000,2414.213562,2414.213562,2828.427125,2146.933715
2000_2000__3000_1000,2414.213562,2414.213562,2828.427125,2146.933715
500_0__2000_0,2118.033989,2309.016994,2618.033989,2153.646234
500_2000__2000_2000,2118.033989,2309.016994,2618.033989,2153.646234
1000_0__2500_0,2118.033989,2309.016994,2618.033989,2153.646234
1000_2000__2500_2000,2118.033989,2309.016994,2618.033989,2153.646234
0_500__1500_0,2236.067977,2408.603404,2817.206808,2169.79986
0_1500__1500_2000,2236.067977,2408.603404,2817.206808,2169.79986
1500_0__3000_500,2236.067977,2408.603404,2817.206808,2169.79986
1500_2000__3000_1500,2236.067977,2408.603404,2817.206808,2169.79986
1500_0__0_0,3354.101966,2927.050983,3854.101966,2172.913546
1500_2000__0_2000,3354.101966,2927.050983,3854.101966,2172.913546
3000_0__1500_0,3354.101966,2927.050983,3854.101966,2172.913546
3000_2000__1500_2000,3354.101966,2927.050983,3854.101966,2172.913546
3000_0__0_1500,4297.62079,4325.861378,6651.722757,2175.418046
3000_500__0_2000,4297.62079,4325.861378,6651.722757,2175.418046
3000_1500__0_0,4297.62079,4325.861378,6651.722757,2175.418046
3000_2000__0_500,4297.62079,4325.861378,6651.722757,2175.418046
0_500__500_1500,2699.172819,2408.603404,2817.206808,2180.516343
0_1500__500_500,2699.172819,2408.603404,2817.206808,2180.516343
2500_500__3000_1500,2699.172819,2408.603404,2817.206808,2180.516343
2500_1500__3000_500,2699.172819,2408.603404,2817.206808,2180.516343
0_0__2500_500,2121.320344,2835.41505,3670.8301,2181.217772
0_2000__2500_1500,2121.320344,2835.41505,3670.8301,2181.217772
500_500__3000_0,2121.320344,2835.41505,3670.8301,2181.217772
500_1500__3000_2000,2121.320344,2835.41505,3670.8301,2181.217772
0_0__3000_1000,2414.213562,3288.245611,4576.491223,2181.788153
0_1000__3000_0,2414.213562,3288.245611,4576.491223,2181.788153
0_1000__3000_2000,2414.213562,3288.245611,4576.491223,2181.788153
0_2000__3000_1000,2414.213562,3288.245611,4576.491223,2181.788153
500_0__1000_0,2532.247551,2016.123776,2032.247551,2183.814578
500_2000__1000_2000,2532.247551,2016.123776,2032.247551,2183.814578
2000_0__2500_0,2532.247551,2016.123776,2032.247551,2183.814578
2000_2000__2500_2000,2532.247551,2016.123776,2032.247551,2183.814578
3000_0__0_1000,4236.067977,4199.172819,6398.345638,2187.934892
3000_1000__0_0,4236.067977,4199.172819,6398.345638,2187.934892
3000_1000__0_2000,4236.067977,4199.172819,6398.345638,2187.934892
3000_2000__0_1000,4236.067977,4199.172819,6398.345638,2187.934892
500_1000__0_0,2736.067977,2427.050983,2854.101966,2188.416706
500_1000__0_2000,2736.067977,2427.050983,2854.101966,2188.416706
3000_0__2500_1000,2736.067977,2427.050983,2854.101966,2188.416706
3000_2000__2500_1000,2736.067977,2427.050983,2854.101966,2188.416706
2000_0__0_0,3650.28154,3325.14077,4650.28154,2207.368797
2000_2000__0_2000,3650.28154,3325.14077,4650.28154,2207.368797
3000_0__1000_0,3650.28154,3325.14077,4650.28154,2207.368797
3000_2000__1000_2000,3650.28154,3325.14077,4650.28154,2207.368797
0_500__2500_0,2236.067977,2892.788867,3785.577734,2212.116951
0_1500__2500_2000,2236.067977,2892.788867,3785.577734,2212.116951
500_0__3000_500,2236.067977,2892.788867,3785.577734,2212.116951
500_2000__3000_1500,2236.067977,2892.788867,3785.577734,2212.116951
0_500__500_500,2699.172819,2099.586409,2199.172819,2217.508898
0_1500__500_1500,2699.172819,2099.586409,2199.172819,2217.508898
2500_500__3000_500,2699.172819,2099.586409,2199.172819,2217.508898
2500_1500__3000_1500,2699.172819,2099.586409,2199.172819,2217.508898
500_500__0_2000,2943.174759,2762.156794,3524.313589,2235.421727
500_1500__0_0,2943.174759,2762.156794,3524.313589,2235.421727
3000_0__2500_1500,2943.174759,2762.156794,3524.313589,2235.421727
3000_2000__2500_500,2943.174759,2762.156794,3524.313589,2235.421727
0_0__3000_2000,2828.427125,3716.9892,5433.9784,2244.499377
0_2000__3000_0,2828.427125,3716.9892,5433.9784,2244.499377
0_0__1000_500,2532.247551,2325.14077,2650.28154,2244.501385
0_2000__1000_1500,2532.247551,2325.14077,2650.28154,2244.501385
2000_500__3000_0,2532.247551,2325.14077,2650.28154,2244.501385
2000_1500__3000_2000,2532.247551,2325.14077,2650.28154,2244.501385
500_0__0_1000,3118.033989,2618.033989,3236.067977,2246.255749
500_2000__0_1000,3118.033989,2618.033989,3236.067977,2246.255749
3000_1000__2500_0,3118.033989,2618.033989,3236.067977,2246.255749
3000_1000__2500_2000,3118.033989,2618.033989,3236.067977,2246.255749
0_0__1000_2000,2828.427125,3032.247551,4064.495102,2259.426731
0_2000__1000_0,2828.427125,3032.247551,4064.495102,2259.426731
2000_0__3000_2000,2828.427125,3032.247551,4064.495102,2259.426731
2000_2000__3000_0,2828.427125,3032.247551,4064.495102,2259.426731
1000_0__0_0,3236.067977,2618.033989,3236.067977,2268.294941
1000_2000__0_2000,3236.067977,2618.033989,3236.067977,2268.294941
3000_0__2000_0,3236.067977,2618.033989,3236.067977,2268.294941
3000_2000__2000_2000,3236.067977,2618.033989,3236.067977,2268.294941
500_0__2500_0,2236.067977,2618.033989,3236.067977,2268.532724
500_2000__2500_2000,2236.067977,2618.033989,3236.067977,2268.532724
0_500__1000_0,2532.247551,2325.14077,2650.28154,2269.874411
0_1500__1000_2000,2532.247551,2325.14077,2650.28154,2269.874411
2000_0__3000_500,2532.247551,2325.14077,2650.28154,2269.874411
2000_2000__3000_1500,2532.247551,2325.14077,2650.28154,2269.874411
500_0__0_1500,3179.586802,2880.362816,3760.725632,2286.600671
500_2000__0_500,3179.586802,2880.362816,3760.725632,2286.600671
3000_500__2500_2000,3179.586802,2880.362816,3760.725632,2286.600671
3000_1500__2500_0,3179.586802,2880.362816,3760.725632,2286.600671
3000_0__0_2000,4472.135955,4538.843615,7077.68723,2295.345821
3000_2000__0_0,4472.135955,4538.843615,7077.68723,2295.345821
500_500__0_0,2943.174759,2325.14077,2650.28154,2295.347615
500_1500__0_2000,2943.174759,2325.14077,2650.28154,2295.347615
3000_0__2500_500,2943.174759,2325.14077,2650.28154,2295.347615
3000_2000__2500_1500,2943.174759,2325.14077,2650.28154,2295.347615
0_0__500_1000,2914.213562,2516.123776,3032.247551,2300.533079
0_2000__500_1000,2914.213562,2516.123776,3032.247551,2300.533079
2500_1000__3000_0,2914.213562,2516.123776,3032.247551,2300.533079
2500_1000__3000_2000,2914.213562,2516.123776,3032.247551,2300.533079
500_0__500_0,2920.809626,1960.404813,1920.809626,2307.921491
500_2000__500_2000,2920.809626,1960.404813,1920.809626,2307.921491
2500_0__2500_0,2920.809626,1960.404813,1920.809626,2307.921491
2500_2000__2500_2000,2920.809626,1960.404813,1920.809626,2307.921491
500_0__0_500,3179.586802,2443.346791,2886.693583,2310.268378
500_2000__0_1500,3179.586802,2443.346791,2886.693583,2310.268378
3000_500__2500_0,3179.586802,2443.346791,2886.693583,2310.268378
3000_1500__2500_2000,3179.586802,2443.346791,2886.693583,2310.268378
0_1000__0_1000,3000,2000,2000,2313.209534
3000_1000__3000_1000,3000,2000,2000,2313.209534
3000_0__0_500,4297.62079,4169.501028,6339.002055,2319.501245
3000_500__0_0,4297.62079,4169.501028,6339.002055,2319.501245
3000_1500__0_2000,4297.62079,4169.501028,6339.002055,2319.501245
3000_2000__0_1500,4297.62079,4169.501028,6339.002055,2319.501245
0_1000__500_0,2802.775638,2460.404813,2920.809626,2334.842062
0_1000__500_2000,2802.775638,2460.404813,2920.809626,2334.842062
2500_0__3000_1000,2802.775638,2460.404813,2920.809626,2334.842062
2500_2000__3000_1000,2802.775638,2460.404813,2920.809626,2334.842062
2500_0__0_0,4038.843615,3769.421808,5538.843615,2337.970039
2500_2000__0_2000,4038.843615,3769.421808,5538.843615,2337.970039
3000_0__500_0,4038.843615,3769.421808,5538.843615,2337.970039
3000_2000__500_2000,4038.843615,3769.421808,5538.843615,2337.970039
0_0__500_1500,2995.352392,2788.245611,3576.491223,2341.382167
0_2000__500_500,2995.352392,2788.245611,3576.491223,2341.382167
2500_500__3000_2000,2995.352392,2788.245611,3576.491223,2341.382167
2500_1500__3000_0,2995.352392,2788.245611,3576.491223,2341.382167
0_500__500_2000,2920.809626,2750.974228,3501.948457,2352.216466
0_1500__500_0,2920.809626,2750.974228,3501.948457,2352.216466
2500_0__3000_1500,2920.809626,2750.974228,3501.948457,2352.216466
2500_2000__3000_500,2920.809626,2750.974228,3501.948457,2352.216466
0_0__3000_500,2532.247551,3286.814408,4573.628816,2371.35275
0_500__3000_0,2532.247551,3286.814408,4573.628816,2371.35275
0_1500__3000_2000,2532.247551,3286.814408,4573.628816,2371.35275
0_2000__3000_1500,2532.247551,3286.814408,4573.628816,2371.35275
0_500__0_1000,3118.033989,2309.016994,2618.033989,2387.586508
0_1500__0_1000,3118.033989,2309.016994,2618.033989,2387.586508
3000_1000__3000_500,3118.033989,2309.016994,2618.033989,2387.586508
3000_1000__3000_1500,3118.033989,2309.016994,2618.033989,2387.586508
0_0__2000_0,2414.213562,2707.106781,3414.213562,2391.444353
0_2000__2000_2000,2414.213562,2707.106781,3414.213562,2391.444353
1000_0__3000_0,2414.213562,2707.106781,3414.213562,2391.444353
1000_2000__3000_2000,2414.213562,2707.106781,3414.213562,2391.444353
0_1000__0_500,3061.552813,2280.776406,2561.552813,2397.09891
0_1000__0_1500,3061.552813,2280.776406,2561.552813,2397.09891
3000_500__3000_1000,3061.552813,2280.776406,2561.552813,2397.09891
3000_1500__3000_1000,3061.552813,2280.776406,2561.552813,2397.09891
0_0__1500_0,2532.247551,2516.123776,3032.247551,2400.363495
0_2000__1500_2000,2532.247551,2516.123776,3032.247551,2400.363495
1500_0__3000_0,2532.247551,2516.123776,3032.247551,2400.363495
1500_2000__3000_2000,2532.247551,2516.123776,3032.247551,2400.363495
0_0__500_500,2995.352392,2351.229587,2702.459174,2406.759335
0_2000__500_1500,2995.352392,2351.229587,2702.459174,2406.759335
2500_500__3000_0,2995.352392,2351.229587,2702.459174,2406.759335
2500_1500__3000_2000,2995.352392,2351.229587,2702.459174,2406.759335
500_0__0_2000,3354.101966,3207.82739,4415.654779,2411.821766
500_2000__0_0,3354.101966,3207.82739,4415.654779,2411.821766
3000_0__2500_2000,3354.101966,3207.82739,4415.654779,2411.821766
3000_2000__2500_0,3354.101966,3207.82739,4415.654779,2411.821766
0_500__500_0,2920.809626,2313.958204,2627.916408,2432.987651
0_1500__500_2000,2920.809626,2313.958204,2627.916408,2432.987651
2500_0__3000_500,2920.809626,2313.958204,2627.916408,2432.987651
2500_2000__3000_1500,2920.809626,2313.958204,2627.916408,2432.987651
0_500__0_1500,3179.586802,2589.793401,3179.586802,2456.927735
0_1500__0_500,3179.586802,2589.793401,3179.586802,2456.927735
3000_500__3000_1500,3179.586802,2589.793401,3179.586802,2456.927735
3000_1500__3000_500,3179.586802,2589.793401,3179.586802,2456.927735
0_500__0_500,3179.586802,2089.793401,2179.586802,2459.965701
0_1500__0_1500,3179.586802,2089.793401,2179.586802,2459.965701
3000_500__3000_500,3179.586802,2089.793401,2179.586802,2459.965701
3000_1500__3000_1500,3179.586802,2089.793401,2179.586802,2459.965701
0_0__2500_0,2532.247551,3016.123776,4032.247551,2469.341929
0_2000__2500_2000,2532.247551,3016.123776,4032.247551,2469.341929
500_0__3000_0,2532.247551,3016.123776,4032.247551,2469.341929
500_2000__3000_2000,2532.247551,3016.123776,4032.247551,2469.341929
0_0__500_2000,3216.9892,3139.271006,4278.542013,2479.479675
0_2000__500_0,3216.9892,3139.271006,4278.542013,2479.479675
2500_0__3000_2000,3216.9892,3139.271006,4278.542013,2479.479675
2500_2000__3000_0,3216.9892,3139.271006,4278.542013,2479.479675
0_0__1000_0,2828.427125,2414.213562,2828.427125,2481.123653
0_2000__1000_2000,2828.427125,2414.213562,2828.427125,2481.123653
2000_0__3000_0,2828.427125,2414.213562,2828.427125,2481.123653
2000_2000__3000_2000,2828.427125,2414.213562,2828.427125,2481.123653
500_0__0_0,3354.101966,2427.050983,2854.101966,2504.799973
500_2000__0_2000,3354.101966,2427.050983,2854.101966,2504.799973
3000_0__2500_0,3354.101966,2427.050983,2854.101966,2504.799973
3000_2000__2500_2000,3354.101966,2427.050983,2854.101966,2504.799973
3000_0__0_0,4472.135955,4236.067977,6472.135955,2536.242176
3000_2000__0_2000,4472.135955,4236.067977,6472.135955,2536.242176
0_0__0_1000,3414.213562,2707.106781,3414.213562,2574.320326
0_2000__0_1000,3414.213562,2707.106781,3414.213562,2574.320326
3000_1000__3000_0,3414.213562,2707.106781,3414.213562,2574.320326
3000_1000__3000_2000,3414.213562,2707.106781,3414.213562,2574.320326
0_1000__0_0,3236.067977,2618.033989,3236.067977,2578.365472
0_1000__0_2000,3236.067977,2618.033989,3236.067977,2578.365472
3000_0__3000_1000,3236.067977,2618.033989,3236.067977,2578.365472
3000_2000__3000_1000,3236.067977,2618.033989,3236.067977,2578.365472
0_500__0_2000,3354.101966,2927.050983,3854.101966,2612.796146
0_1500__0_0,3354.101966,2927.050983,3854.101966,2612.796146
3000_0__3000_1500,3354.101966,2927.050983,3854.101966,2612.796146
3000_2000__3000_500,3354.101966,2927.050983,3854.101966,2612.796146
0_0__0_1500,3475.766375,2987.883188,3975.766375,2621.517635
0_2000__0_500,3475.766375,2987.883188,3975.766375,2621.517635
3000_500__3000_2000,3475.766375,2987.883188,3975.766375,2621.517635
3000_1500__3000_0,3475.766375,2987.883188,3975.766375,2621.517635
0_0__500_0,3216.9892,2358.4946,2716.9892,2622.703098
0_2000__500_2000,3216.9892,2358.4946,2716.9892,2622.703098
2500_0__3000_0,3216.9892,2358.4946,2716.9892,2622.703098
2500_2000__3000_2000,3216.9892,2358.4946,2716.9892,2622.703098
0_0__3000_0,2828.427125,3414.213562,4828.427125,2632.879315
0_2000__3000_2000,2828.427125,3414.213562,4828.427125,2632.879315
0_0__0_500,3475.766375,2487.883188,2975.766375,2633.133019
0_2000__0_1500,3475.766375,2487.883188,2975.766375,2633.133019
3000_500__3000_0,3475.766375,2487.883188,2975.766375,2633.133019
3000_1500__3000_2000,3475.766375,2487.883188,2975.766375,2633.133019
0_500__0_0,3354.101966,2427.050983,2854.101966,2654.050891
0_1500__0_2000,3354.101966,2427.050983,2854.101966,2654.050891
3000_0__3000_500,3354.101966,2427.050983,2854.101966,2654.050891
3000_2000__3000_1500,3354.101966,2427.050983,2854.101966,2654.050891
0_0__0_2000,3650.28154,3325.14077,4650.28154,2748.389692
0_2000__0_0,3650.28154,3325.14077,4650.28154,2748.389692
3000_0__3000_2000,3650.28154,3325.14077,4650.28154,2748.389692
3000_2000__3000_0,3650.28154,3325.14077,4650.28154,2748.389692
0_0__0_0,3650.28154,2325.14077,2650.28154,2822.777077
0_2000__0_2000,3650.28154,2325.14077,2650.28154,2822.777077
3000_0__3000_0,3650.28154,2325.14077,2650.28154,2822.777077
3000_2000__3000_2000,3650.28154,2325.14077,2650.28154,2822.777077
